Date,GameType,Conf,Team,H/A,Opponent,Score,OppScore,W/L,Margin,PGWE,Adj Mgn
2-Sep,FCS,0,Air Force,H,Robert Morris,42,7,1,35,100.00%,49
9-Sep,Non,0,Air Force,N,Sam Houston,13,3,1,10,99.50%,21.4
15-Sep,Conf,1,Air Force,H,Utah State,39,21,1,18,99.80%,24.1
22-Sep,Conf,1,Air Force,A,San Jose State,45,20,1,25,71.40%,4.7
30-Sep,Conf,1,Air Force,H,San Diego State,49,10,1,39,100.00%,40.2
14-Oct,Conf,1,Air Force,H,Wyoming,34,27,1,7,87.70%,9.7
21-Oct,Non,0,Air Force,A,Navy,17,6,1,11,96.50%,15.1
2-Sep,Non,0,Akron,A,Temple,21,24,0,-3,50.30%,0.1
9-Sep,FCS,0,Akron,H,Morgan State,24,21,1,3,96.50%,15.1
16-Sep,Non,0,Akron,A,Kentucky,3,35,0,-32,0.00%,-37.7
23-Sep,Non,0,Akron,A,Indiana,27,29,0,-2,71.80%,4.8
30-Sep,Conf,1,Akron,H,Buffalo,10,13,0,-3,88.50%,10
7-Oct,Conf,1,Akron,H,Northern Illinois,14,55,0,-41,0.00%,-51.8
14-Oct,Conf,1,Akron,A,Central Michigan,10,17,0,-7,27.80%,-4.9
21-Oct,Conf,1,Akron,A,Bowling Green,14,41,0,-27,3.10%,-15.6
2-Sep,Non,0,Alabama,H,Middle Tennessee,56,7,1,49,100.00%,39
9-Sep,Non,0,Alabama,H,Texas,24,34,0,-10,19.70%,-7.1
16-Sep,Non,0,Alabama,A,USF,17,3,1,14,98.90%,19.2
23-Sep,Conf,1,Alabama,H,Ole Miss,24,10,1,14,99.30%,20.6
30-Sep,Conf,1,Alabama,A,Mississippi State,40,17,1,23,100.00%,30
7-Oct,Conf,1,Alabama,A,Texas A&M,26,20,1,6,75.90%,5.9
14-Oct,Conf,1,Alabama,H,Arkansas,24,21,1,3,98.50%,18.2
21-Oct,Conf,1,Alabama,H,Tennessee,34,20,1,14,87.90%,9.8
2-Sep,FCS,0,Appalachian State,H,Gardner-Webb,45,24,1,21,98.00%,17.2
9-Sep,Non,0,Appalachian State,A,North Carolina,34,40,0,-6,3.00%,-15.7
16-Sep,Non,0,Appalachian State,H,East Carolina,43,28,1,15,99.20%,20
23-Sep,Non,0,Appalachian State,A,Wyoming,19,22,0,-3,24.50%,-5.8
30-Sep,Conf,1,Appalachian State,A,UL-Monroe,41,40,1,1,37.90%,-2.6
10-Oct,Conf,1,Appalachian State,H,Coastal Carolina,24,27,0,-3,50.70%,0.1
21-Oct,Conf,1,Appalachian State,A,Old Dominion,21,28,0,-7,3.70%,-15
2-Sep,FCS,0,Arizona,H,Northern Arizona,38,3,1,35,100.00%,42
9-Sep,Non,0,Arizona,A,Mississippi State,24,31,0,-7,29.70%,-4.5
16-Sep,Non,0,Arizona,H,UTEP,31,10,1,21,100.00%,35
23-Sep,Conf,1,Arizona,A,Stanford,21,20,1,1,81.90%,7.6
30-Sep,Conf,1,Arizona,H,Washington,24,31,0,-7,8.30%,-11.6
7-Oct,Conf,1,Arizona,A,USC,41,43,0,-2,59.60%,2
14-Oct,Conf,1,Arizona,A,Washington State,44,6,1,38,100.00%,31.1
31-Aug,FCS,0,Arizona State,H,Southern Utah,24,21,1,3,89.40%,10.4
9-Sep,Non,0,Arizona State,H,Oklahoma State,15,27,0,-12,2.40%,-16.5
16-Sep,Non,0,Arizona State,H,Fresno State,0,29,0,-29,0.10%,-25.7
23-Sep,Conf,1,Arizona State,H,USC,28,42,0,-14,0.00%,-29
30-Sep,Conf,1,Arizona State,A,California,21,24,0,-3,67.40%,3.8
7-Oct,Conf,1,Arizona State,H,Colorado,24,27,0,-3,44.90%,-1.1
21-Oct,Conf,1,Arizona State,A,Washington,7,15,0,-8,11.50%,-10
2-Sep,FCS,0,Arkansas,H,Western Carolina,56,13,1,43,100.00%,45.4
9-Sep,Non,0,Arkansas,H,Kent State,28,6,1,22,99.20%,20.2
16-Sep,Non,0,Arkansas,H,BYU,31,38,0,-7,29.30%,-4.6
23-Sep,Conf,1,Arkansas,A,LSU,31,34,0,-3,21.70%,-6.5
30-Sep,Conf,1,Arkansas,N,Texas A&M,22,34,0,-12,0.20%,-23.6
7-Oct,Conf,1,Arkansas,A,Ole Miss,20,27,0,-7,5.40%,-13.4
14-Oct,Conf,1,Arkansas,A,Alabama,21,24,0,-3,1.50%,-18.2
21-Oct,Conf,1,Arkansas,H,Mississippi State,3,7,0,-4,24.90%,-5.7
2-Sep,Non,0,Arkansas State,A,Oklahoma,0,73,0,-73,0.00%,-40.3
9-Sep,Non,0,Arkansas State,H,Memphis,3,37,0,-34,0.00%,-33.8
16-Sep,FCS,0,Arkansas State,H,Stony Brook,31,7,1,24,100.00%,34.7
23-Sep,Conf,1,Arkansas State,H,Southern Miss,44,37,1,7,55.20%,1.1
30-Sep,Non,0,Arkansas State,A,Massachusetts,52,28,1,24,99.20%,20.1
7-Oct,Conf,1,Arkansas State,A,Troy,3,37,0,-34,0.00%,-36.3
21-Oct,Conf,1,Arkansas State,H,Coastal Carolina,17,27,0,-10,36.90%,-2.8
2-Sep,Non,0,Army,A,UL-Monroe,13,17,0,-4,28.60%,-4.7
9-Sep,FCS,0,Army,H,Delaware State,57,0,1,57,100.00%,49
15-Sep,Non,0,Army,A,UTSA,37,29,1,8,13.30%,-9.3
23-Sep,Non,0,Army,A,Syracuse,16,29,0,-13,0.00%,-27.6
7-Oct,Non,0,Army,H,Boston College,24,27,0,-3,81.90%,7.6
14-Oct,Non,0,Army,H,Troy,0,19,0,-19,0.00%,-30.5
21-Oct,Non,0,Army,A,LSU,0,62,0,-62,0.00%,-52.7
2-Sep,Non,0,Auburn,H,Massachusetts,59,14,1,45,94.20%,13.1
9-Sep,Non,0,Auburn,A,California,14,10,1,4,97.60%,16.5
16-Sep,FCS,0,Auburn,H,Samford,45,13,1,32,100.00%,36
23-Sep,Conf,1,Auburn,A,Texas A&M,10,27,0,-17,0.00%,-33.3
30-Sep,Conf,1,Auburn,H,Georgia,20,27,0,-7,2.80%,-16
14-Oct,Conf,1,Auburn,A,LSU,18,48,0,-30,0.00%,-35.3
21-Oct,Conf,1,Auburn,H,Ole Miss,21,28,0,-7,14.50%,-8.9
2-Sep,Non,0,Ball State,A,Kentucky,14,44,0,-30,0.00%,-28.4
9-Sep,Non,0,Ball State,A,Georgia,3,45,0,-42,0.00%,-44.7
16-Sep,FCS,0,Ball State,H,Indiana State,45,7,1,38,100.00%,28.8
23-Sep,Non,0,Ball State,H,Georgia Southern,3,40,0,-37,0.00%,-46
30-Sep,Conf,1,Ball State,A,Western Michigan,24,42,0,-18,12.70%,-9.5
7-Oct,Conf,1,Ball State,A,Eastern Michigan,10,24,0,-14,21.50%,-6.6
14-Oct,Conf,1,Ball State,H,Toledo,6,13,0,-7,0.40%,-22.3
21-Oct,Conf,1,Ball State,H,Central Michigan,24,17,1,7,99.30%,20.4
2-Sep,Non,0,Baylor,H,Texas State,31,42,0,-11,36.10%,-3
9-Sep,Non,0,Baylor,H,Utah,13,20,0,-7,24.90%,-5.7
16-Sep,FCS,0,Baylor,H,Long Island,30,7,1,23,94.60%,13.5
23-Sep,Conf,1,Baylor,H,Texas,6,38,0,-32,0.00%,-34
30-Sep,Conf,1,Baylor,A,UCF,36,35,1,1,13.40%,-9.3
7-Oct,Conf,1,Baylor,H,Texas Tech,14,39,0,-25,1.50%,-18.2
21-Oct,Conf,1,Baylor,A,Cincinnati,32,29,1,3,64.50%,3.1
2-Sep,Non,0,Boise State,A,Washington,19,56,0,-37,0.00%,-31.6
9-Sep,Non,0,Boise State,H,UCF,16,18,0,-2,19.20%,-7.3
16-Sep,FCS,0,Boise State,H,North Dakota,42,18,1,24,99.80%,23.5
22-Sep,Conf,1,Boise State,A,San Diego State,34,31,1,3,48.10%,-0.4
30-Sep,Non,0,Boise State,A,Memphis,32,35,0,-3,77.40%,6.3
7-Oct,Conf,1,Boise State,H,San Jose State,35,27,1,8,90.30%,10.9
14-Oct,Conf,1,Boise State,A,Colorado State,30,31,0,-1,72.30%,4.9
2-Sep,Non,0,Boston College,H,Northern Illinois,24,27,0,-3,23.10%,-6.1
9-Sep,FCS,0,Boston College,H,Holy Cross,31,28,1,3,34.90%,-3.2
16-Sep,Conf,1,Boston College,H,Florida State,29,31,0,-2,15.70%,-8.4
23-Sep,Conf,1,Boston College,A,Louisville,28,56,0,-28,0.00%,-32.6
30-Sep,Conf,1,Boston College,H,Virginia,27,24,1,3,59.00%,1.9
7-Oct,Non,0,Boston College,A,Army,27,24,1,3,18.10%,-7.6
21-Oct,Conf,1,Boston College,A,Georgia Tech,38,23,1,15,88.60%,10.1
2-Sep,Non,0,Bowling Green,A,Liberty,24,34,0,-10,17.60%,-7.8
9-Sep,FCS,0,Bowling Green,H,Eastern Illinois,38,15,1,23,100.00%,30.4
16-Sep,Non,0,Bowling Green,A,Michigan,6,31,0,-25,0.00%,-38.6
23-Sep,Conf,1,Bowling Green,H,Ohio,7,38,0,-31,0.00%,-37
30-Sep,Non,0,Bowling Green,A,Georgia Tech,38,27,1,11,22.90%,-6.2
7-Oct,Conf,1,Bowling Green,A,Miami-OH,0,27,0,-27,0.10%,-25.1
14-Oct,Conf,1,Bowling Green,A,Buffalo,24,14,1,10,92.70%,12.2
21-Oct,Conf,1,Bowling Green,H,Akron,41,14,1,27,96.90%,15.6
2-Sep,Non,0,Buffalo,A,Wisconsin,17,38,0,-21,0.50%,-21.7
9-Sep,FCS,0,Buffalo,H,Fordham,37,40,0,-3,71.40%,4.7
16-Sep,Non,0,Buffalo,H,Liberty,27,55,0,-28,0.00%,-28.3
23-Sep,Non,0,Buffalo,A,UL-Lafayette,38,45,0,-7,0.80%,-20
30-Sep,Conf,1,Buffalo,A,Akron,13,10,1,3,11.50%,-10
7-Oct,Conf,1,Buffalo,H,Central Michigan,37,13,1,24,99.80%,24.6
14-Oct,Conf,1,Buffalo,H,Bowling Green,14,24,0,-10,7.30%,-12.2
21-Oct,Conf,1,Buffalo,A,Kent State,24,6,1,18,99.90%,25.9
2-Sep,Non,0,BYU,H,Sam Houston,14,0,1,14,74.10%,5.4
9-Sep,FCS,0,BYU,H,Southern Utah,41,16,1,25,100.00%,30.5
16-Sep,Non,0,BYU,A,Arkansas,38,31,1,7,70.70%,4.6
23-Sep,Conf,1,BYU,A,Kansas,27,38,0,-11,3.40%,-15.3
29-Sep,Conf,1,BYU,H,Cincinnati,35,27,1,8,89.70%,10.6
14-Oct,Conf,1,BYU,A,TCU,11,44,0,-33,0.00%,-40.2
21-Oct,Conf,1,BYU,H,Texas Tech,27,14,1,13,71.60%,4.8
2-Sep,Non,0,California,A,North Texas,58,21,1,37,99.00%,19.4
9-Sep,Non,0,California,H,Auburn,10,14,0,-4,2.40%,-16.5
16-Sep,FCS,0,California,H,Idaho,31,17,1,14,85.80%,8.9
23-Sep,Conf,1,California,A,Washington,32,59,0,-27,0.00%,-33.1
30-Sep,Conf,1,California,H,Arizona State,24,21,1,3,32.60%,-3.8
7-Oct,Conf,1,California,H,Oregon State,40,52,0,-12,31.40%,-4
14-Oct,Conf,1,California,A,Utah,14,34,0,-20,0.70%,-20.6
1-Sep,Non,0,Central Michigan,A,Michigan State,7,31,0,-24,0.00%,-29.9
9-Sep,FCS,0,Central Michigan,H,New Hampshire,45,42,1,3,10.60%,-10.4
16-Sep,Non,0,Central Michigan,A,Notre Dame,17,41,0,-24,0.00%,-34.7
23-Sep,Non,0,Central Michigan,A,South Alabama,34,30,1,4,13.40%,-9.3
30-Sep,Conf,1,Central Michigan,H,Eastern Michigan,26,23,1,3,94.00%,13
7-Oct,Conf,1,Central Michigan,A,Buffalo,13,37,0,-24,0.20%,-24.6
14-Oct,Conf,1,Central Michigan,H,Akron,17,10,1,7,72.20%,4.9
21-Oct,Conf,1,Central Michigan,A,Ball State,17,24,0,-7,0.70%,-20.4
2-Sep,FCS,0,Charlotte,H,SC State,24,3,1,21,99.80%,24.7
9-Sep,Non,0,Charlotte,A,Maryland,20,38,0,-18,0.70%,-20.5
23-Sep,Non,0,Charlotte,A,Florida,7,22,0,-15,0.10%,-27
30-Sep,Conf,1,Charlotte,A,SMU,16,34,0,-18,0.50%,-21.5
14-Oct,Conf,1,Charlotte,H,Navy,0,14,0,-14,3.70%,-15
21-Oct,Conf,1,Charlotte,A,East Carolina,10,7,1,3,90.80%,11.1
2-Sep,FCS,0,Cincinnati,H,Eastern Kentucky,66,13,1,53,100.00%,29.5
9-Sep,Non,0,Cincinnati,A,Pittsburgh,27,21,1,6,77.50%,6.3
16-Sep,Non,0,Cincinnati,H,Miami-OH,24,31,0,-7,17.70%,-7.7
23-Sep,Conf,1,Cincinnati,H,Oklahoma,6,20,0,-14,6.50%,-12.7
29-Sep,Conf,1,Cincinnati,A,BYU,27,35,0,-8,10.30%,-10.6
14-Oct,Conf,1,Cincinnati,H,Iowa State,10,30,0,-20,0.20%,-23.6
21-Oct,Conf,1,Cincinnati,H,Baylor,29,32,0,-3,35.50%,-3.1
4-Sep,Conf,1,Clemson,A,Duke,7,28,0,-21,14.40%,-8.9
9-Sep,FCS,0,Clemson,H,Charleston Southern,66,17,1,49,100.00%,40.4
16-Sep,Non,0,Clemson,H,Florida Atlantic,48,14,1,34,100.00%,43.2
23-Sep,Conf,1,Clemson,H,Florida State,24,31,0,-7,39.70%,-2.2
30-Sep,Conf,1,Clemson,A,Syracuse,31,14,1,17,97.50%,16.3
7-Oct,Conf,1,Clemson,H,Wake Forest,17,12,1,5,86.30%,9.1
21-Oct,Conf,1,Clemson,A,Miami-FL,20,28,0,-8,62.00%,2.6
2-Sep,Non,0,Coastal Carolina,A,UCLA,13,27,0,-14,3.90%,-14.7
9-Sep,Non,0,Coastal Carolina,H,Jacksonville State,30,16,1,14,67.80%,3.9
16-Sep,FCS,0,Coastal Carolina,H,Duquesne,66,7,1,59,100.00%,38.2
21-Sep,Conf,1,Coastal Carolina,H,Georgia State,17,30,0,-13,28.40%,-4.8
30-Sep,Conf,1,Coastal Carolina,A,Georgia Southern,28,38,0,-10,44.00%,-1.3
10-Oct,Conf,1,Coastal Carolina,A,Appalachian State,27,24,1,3,49.30%,-0.1
21-Oct,Conf,1,Coastal Carolina,A,Arkansas State,27,17,1,10,63.10%,2.8
2-Sep,Non,0,Colorado,A,TCU,45,42,1,3,60.20%,2.2
9-Sep,Non,0,Colorado,H,Nebraska,36,14,1,22,94.40%,13.3
16-Sep,Non,0,Colorado,H,Colorado State,43,35,1,8,64.70%,3.2
23-Sep,Conf,1,Colorado,A,Oregon,6,42,0,-36,0.00%,-47.2
30-Sep,Conf,1,Colorado,H,USC,41,48,0,-7,4.50%,-14.2
7-Oct,Conf,1,Colorado,A,Arizona State,27,24,1,3,55.10%,1.1
13-Oct,Conf,1,Colorado,H,Stanford,43,46,0,-3,72.70%,5
2-Sep,Non,0,Colorado State,H,Washington State,24,50,0,-26,0.00%,-32.3
16-Sep,Non,0,Colorado State,A,Colorado,35,43,0,-8,35.30%,-3.2
23-Sep,Non,0,Colorado State,A,Middle Tennessee,31,23,1,8,80.70%,7.2
30-Sep,FCS,0,Colorado State,H,Utah Tech,41,20,1,21,100.00%,36.3
7-Oct,Conf,1,Colorado State,A,Utah State,24,44,0,-20,0.00%,-28.2
14-Oct,Conf,1,Colorado State,H,Boise State,31,30,1,1,27.70%,-4.9
21-Oct,Conf,1,Colorado State,A,UNLV,23,25,0,-2,17.50%,-7.8
31-Aug,Non,0,Connecticut,H,NC State,14,24,0,-10,10.10%,-10.7
9-Sep,Non,0,Connecticut,A,Georgia State,14,35,0,-21,0.00%,-31.8
16-Sep,Non,0,Connecticut,H,Florida International,17,24,0,-7,3.30%,-15.3
23-Sep,Non,0,Connecticut,H,Duke,7,41,0,-34,0.00%,-39.6
30-Sep,Non,0,Connecticut,H,Utah State,33,34,0,-1,35.00%,-3.2
7-Oct,Non,0,Connecticut,A,Rice,38,31,1,7,46.50%,-0.7
21-Oct,Non,0,Connecticut,H,USF,21,24,0,-3,45.20%,-1
4-Sep,Conf,1,Duke,H,Clemson,28,7,1,21,85.60%,8.9
9-Sep,FCS,0,Duke,H,Lafayette,42,7,1,35,100.00%,42.6
16-Sep,Non,0,Duke,H,Northwestern,38,14,1,24,100.00%,36.5
23-Sep,Non,0,Duke,A,Connecticut,41,7,1,34,100.00%,39.6
30-Sep,Non,0,Duke,H,Notre Dame,14,21,0,-7,19.20%,-7.3
14-Oct,Conf,1,Duke,H,NC State,24,3,1,21,98.90%,19.2
21-Oct,Conf,1,Duke,A,Florida State,20,38,0,-18,2.60%,-16.2
2-Sep,Non,0,East Carolina,A,Michigan,3,30,0,-27,0.00%,-35.7
9-Sep,Non,0,East Carolina,H,Marshall,13,31,0,-18,1.40%,-18.4
16-Sep,Non,0,East Carolina,A,Appalachian State,28,43,0,-15,0.80%,-20
23-Sep,FCS,0,East Carolina,H,Gardner-Webb,44,0,1,44,100.00%,37.4
30-Sep,Conf,1,East Carolina,A,Rice,17,24,0,-7,17.30%,-7.9
12-Oct,Conf,1,East Carolina,H,SMU,10,31,0,-21,0.50%,-21.5
21-Oct,Conf,1,East Carolina,H,Charlotte,7,10,0,-3,9.20%,-11.1
1-Sep,FCS,0,Eastern Michigan,H,Howard,33,23,1,10,77.80%,6.4
9-Sep,Non,0,Eastern Michigan,A,Minnesota,6,25,0,-19,0.10%,-27
16-Sep,Non,0,Eastern Michigan,H,Massachusetts,19,17,1,2,87.80%,9.7
23-Sep,Non,0,Eastern Michigan,A,Jacksonville State,0,21,0,-21,0.00%,-28.6
30-Sep,Conf,1,Eastern Michigan,A,Central Michigan,23,26,0,-3,6.00%,-13
7-Oct,Conf,1,Eastern Michigan,H,Ball State,24,10,1,14,78.50%,6.6
14-Oct,Conf,1,Eastern Michigan,H,Kent State,28,14,1,14,78.40%,6.6
21-Oct,Conf,1,Eastern Michigan,A,Northern Illinois,13,20,0,-7,29.30%,-4.6
31-Aug,Non,0,Florida,A,Utah,11,24,0,-13,27.20%,-5.1
9-Sep,FCS,0,Florida,H,McNeese State,49,7,1,42,100.00%,36.4
16-Sep,Conf,1,Florida,H,Tennessee,29,16,1,13,83.10%,8
23-Sep,Non,0,Florida,H,Charlotte,22,7,1,15,99.90%,27
30-Sep,Conf,1,Florida,A,Kentucky,14,33,0,-19,0.50%,-21.6
7-Oct,Conf,1,Florida,H,Vanderbilt,38,14,1,24,99.70%,23.1
14-Oct,Conf,1,Florida,A,South Carolina,41,39,1,2,29.00%,-4.6
2-Sep,FCS,0,Florida Atlantic,H,Monmouth,42,20,1,22,100.00%,38.6
9-Sep,Non,0,Florida Atlantic,H,Ohio,10,17,0,-7,4.20%,-14.5
16-Sep,Non,0,Florida Atlantic,A,Clemson,14,48,0,-34,0.00%,-43.2
23-Sep,Non,0,Florida Atlantic,A,Illinois,17,23,0,-6,2.00%,-17.2
7-Oct,Conf,1,Florida Atlantic,H,Tulsa,20,17,1,3,64.40%,3.1
14-Oct,Conf,1,Florida Atlantic,A,USF,56,14,1,42,100.00%,27.6
21-Oct,Conf,1,Florida Atlantic,H,UTSA,10,36,0,-26,0.00%,-31.9
26-Aug,Conf,1,Florida International,A,Louisiana Tech,17,22,0,-5,16.80%,-8
2-Sep,FCS,0,Florida International,H,Maine,14,12,1,2,90.30%,10.9
9-Sep,Non,0,Florida International,H,North Texas,46,39,1,7,82.60%,7.8
16-Sep,Non,0,Florida International,A,Connecticut,24,17,1,7,96.70%,15.3
23-Sep,Conf,1,Florida International,H,Liberty,6,38,0,-32,0.00%,-39
4-Oct,Conf,1,Florida International,A,New Mexico State,17,34,0,-17,16.30%,-8.2
11-Oct,Conf,1,Florida International,H,UTEP,14,27,0,-13,1.50%,-18.2
18-Oct,Conf,1,Florida International,A,Sam Houston,33,27,1,6,18.30%,-7.5
3-Sep,Non,0,Florida State,N,LSU,45,24,1,21,96.80%,15.4
9-Sep,Non,0,Florida State,H,Southern Miss,66,13,1,53,99.90%,25.5
16-Sep,Conf,1,Florida State,A,Boston College,31,29,1,2,84.30%,8.4
23-Sep,Conf,1,Florida State,A,Clemson,31,24,1,7,60.30%,2.2
7-Oct,Conf,1,Florida State,H,Virginia Tech,39,17,1,22,100.00%,28
14-Oct,Conf,1,Florida State,H,Syracuse,41,3,1,38,100.00%,30.4
21-Oct,Conf,1,Florida State,H,Duke,38,20,1,18,97.40%,16.2
2-Sep,Non,0,Fresno State,A,Purdue,39,35,1,4,72.80%,5.1
9-Sep,FCS,0,Fresno State,H,Eastern Washington,34,31,1,3,62.20%,2.6
16-Sep,Non,0,Fresno State,A,Arizona State,29,0,1,29,99.90%,25.7
23-Sep,Non,0,Fresno State,H,Kent State,53,10,1,43,100.00%,40.2
30-Sep,Conf,1,Fresno State,H,Nevada,27,9,1,18,100.00%,35.6
7-Oct,Conf,1,Fresno State,A,Wyoming,19,24,0,-5,25.00%,-5.6
13-Oct,Conf,1,Fresno State,A,Utah State,37,32,1,5,66.60%,3.6
2-Sep,FCS,0,Georgia,H,UT Martin,48,7,1,41,100.00%,42.3
9-Sep,Non,0,Georgia,H,Ball State,45,3,1,42,100.00%,44.7
16-Sep,Conf,1,Georgia,H,South Carolina,24,14,1,10,92.70%,12.1
23-Sep,Non,0,Georgia,H,UAB,49,21,1,28,100.00%,35
30-Sep,Conf,1,Georgia,A,Auburn,27,20,1,7,97.20%,16
7-Oct,Conf,1,Georgia,H,Kentucky,51,13,1,38,100.00%,29.4
14-Oct,Conf,1,Georgia,A,Vanderbilt,37,20,1,17,99.80%,24
2-Sep,FCS,0,Georgia Southern,H,The Citadel,34,0,1,34,100.00%,29.4
9-Sep,Non,0,Georgia Southern,H,UAB,49,35,1,14,83.70%,8.2
16-Sep,Non,0,Georgia Southern,A,Wisconsin,14,35,0,-21,0.70%,-20.5
23-Sep,Non,0,Georgia Southern,A,Ball State,40,3,1,37,100.00%,46
30-Sep,Conf,1,Georgia Southern,H,Coastal Carolina,38,28,1,10,56.00%,1.3
14-Oct,Conf,1,Georgia Southern,A,James Madison,13,41,0,-28,0.00%,-40.1
21-Oct,Conf,1,Georgia Southern,H,UL-Monroe,38,28,1,10,91.40%,11.4
31-Aug,FCS,0,Georgia State,H,Rhode Island,42,35,1,7,72.00%,4.9
9-Sep,Non,0,Georgia State,H,Connecticut,35,14,1,21,100.00%,31.8
21-Sep,Conf,1,Georgia State,A,Coastal Carolina,30,17,1,13,71.60%,4.8
30-Sep,Conf,1,Georgia State,H,Troy,7,28,0,-21,5.20%,-13.6
14-Oct,Conf,1,Georgia State,H,Marshall,41,24,1,17,83.80%,8.3
21-Oct,Conf,1,Georgia State,A,UL-Lafayette,20,17,1,3,98.60%,18.4
1-Sep,Conf,1,Georgia Tech,N,Louisville,34,39,0,-5,18.80%,-7.4
9-Sep,FCS,0,Georgia Tech,H,SC State,48,13,1,35,100.00%,42
16-Sep,Non,0,Georgia Tech,A,Ole Miss,23,48,0,-25,0.00%,-29.7
23-Sep,Conf,1,Georgia Tech,A,Wake Forest,30,16,1,14,82.20%,7.7
30-Sep,Non,0,Georgia Tech,H,Bowling Green,27,38,0,-11,77.10%,6.2
7-Oct,Conf,1,Georgia Tech,A,Miami-FL,23,20,1,3,42.70%,-1.5
21-Oct,Conf,1,Georgia Tech,H,Boston College,23,38,0,-15,11.40%,-10.1
26-Aug,Non,0,Hawaii,A,Vanderbilt,28,35,0,-7,59.70%,2
1-Sep,Non,0,Hawaii,H,Stanford,24,37,0,-13,4.00%,-14.6
9-Sep,FCS,0,Hawaii,H,Albany-NY,31,20,1,11,95.80%,14.5
16-Sep,Non,0,Hawaii,A,Oregon,10,55,0,-45,0.00%,-49.7
23-Sep,Non,0,Hawaii,H,New Mexico State,20,17,1,3,15.80%,-8.4
30-Sep,Conf,1,Hawaii,A,UNLV,20,44,0,-24,8.20%,-11.6
14-Oct,Conf,1,Hawaii,H,San Diego State,34,41,0,-7,86.30%,9.1
21-Oct,Conf,1,Hawaii,A,New Mexico,21,42,0,-21,1.30%,-18.6
2-Sep,Non,0,Houston,H,UTSA,17,14,1,3,47.30%,-0.6
9-Sep,Non,0,Houston,A,Rice,41,43,0,-2,24.40%,-5.8
16-Sep,Conf,1,Houston,H,TCU,13,36,0,-23,0.10%,-25.9
23-Sep,Non,0,Houston,H,Sam Houston,38,7,1,31,100.00%,35
30-Sep,Conf,1,Houston,A,Texas Tech,28,49,0,-21,11.80%,-9.9
12-Oct,Conf,1,Houston,H,West Virginia,41,39,1,2,85.50%,8.8
21-Oct,Conf,1,Houston,H,Texas,24,31,0,-7,22.50%,-6.3
2-Sep,Non,0,Illinois,H,Toledo,30,28,1,2,85.60%,8.9
8-Sep,Non,0,Illinois,A,Kansas,23,34,0,-11,17.40%,-7.9
16-Sep,Conf,1,Illinois,H,Penn State,13,30,0,-17,18.90%,-7.4
23-Sep,Non,0,Illinois,H,Florida Atlantic,23,17,1,6,98.00%,17.2
30-Sep,Conf,1,Illinois,A,Purdue,19,44,0,-25,1.00%,-19.6
6-Oct,Conf,1,Illinois,H,Nebraska,7,20,0,-13,9.70%,-10.8
14-Oct,Conf,1,Illinois,A,Maryland,27,24,1,3,61.60%,2.5
21-Oct,Conf,1,Illinois,H,Wisconsin,21,25,0,-4,35.10%,-3.2
2-Sep,Conf,1,Indiana,H,Ohio State,3,23,0,-20,0.00%,-28.8
8-Sep,FCS,0,Indiana,H,Indiana State,41,7,1,34,100.00%,44
16-Sep,Non,0,Indiana,N,Louisville,14,21,0,-7,4.20%,-14.4
23-Sep,Non,0,Indiana,H,Akron,29,27,1,2,28.20%,-4.8
30-Sep,Conf,1,Indiana,A,Maryland,17,44,0,-27,0.00%,-37.1
14-Oct,Conf,1,Indiana,A,Michigan,7,52,0,-45,0.00%,-32.8
21-Oct,Conf,1,Indiana,H,Rutgers,14,31,0,-17,2.60%,-16.2
2-Sep,Non,0,Iowa,H,Utah State,24,14,1,10,64.90%,3.2
9-Sep,Non,0,Iowa,A,Iowa State,20,13,1,7,76.10%,5.9
16-Sep,Non,0,Iowa,H,Western Michigan,41,10,1,31,99.70%,23.2
23-Sep,Conf,1,Iowa,A,Penn State,0,31,0,-31,1.10%,-19.2
30-Sep,Conf,1,Iowa,H,Michigan State,26,16,1,10,64.30%,3.1
7-Oct,Conf,1,Iowa,H,Purdue,20,14,1,6,61.60%,2.5
14-Oct,Conf,1,Iowa,A,Wisconsin,15,6,1,9,67.50%,3.8
21-Oct,Conf,1,Iowa,H,Minnesota,10,12,0,-2,48.30%,-0.4
2-Sep,FCS,0,Iowa State,H,Northern Iowa,30,9,1,21,98.40%,17.9
9-Sep,Non,0,Iowa State,H,Iowa,13,20,0,-7,23.90%,-5.9
16-Sep,Non,0,Iowa State,A,Ohio,7,10,0,-3,82.70%,7.9
23-Sep,Conf,1,Iowa State,H,Oklahoma State,34,27,1,7,69.20%,4.2
30-Sep,Conf,1,Iowa State,A,Oklahoma,20,50,0,-30,1.00%,-19.5
7-Oct,Conf,1,Iowa State,H,TCU,27,14,1,13,74.50%,5.5
14-Oct,Conf,1,Iowa State,A,Cincinnati,30,10,1,20,99.80%,23.6
26-Aug,Conf,1,Jacksonville State,H,UTEP,17,14,1,3,21.20%,-6.7
2-Sep,FCS,0,Jacksonville State,H,ETSU,49,3,1,46,100.00%,36
9-Sep,Non,0,Jacksonville State,A,Coastal Carolina,16,30,0,-14,32.20%,-3.9
23-Sep,Non,0,Jacksonville State,H,Eastern Michigan,21,0,1,21,100.00%,28.6
28-Sep,Conf,1,Jacksonville State,A,Sam Houston,35,28,1,7,92.90%,12.2
4-Oct,Conf,1,Jacksonville State,A,Middle Tennessee,45,30,1,15,74.20%,5.4
10-Oct,Conf,1,Jacksonville State,H,Liberty,13,31,0,-18,2.50%,-16.4
17-Oct,Conf,1,Jacksonville State,H,Western Kentucky,20,17,1,3,91.80%,11.6
2-Sep,FCS,0,James Madison,H,Bucknell,38,3,1,35,100.00%,30.9
9-Sep,Non,0,James Madison,A,Virginia,36,35,1,1,58.30%,1.8
16-Sep,Conf,1,James Madison,A,Troy,16,14,1,2,52.60%,0.5
23-Sep,Non,0,James Madison,A,Utah State,45,38,1,7,94.90%,13.6
30-Sep,Conf,1,James Madison,H,South Alabama,31,23,1,8,86.70%,9.3
14-Oct,Conf,1,James Madison,H,Georgia Southern,41,13,1,28,100.00%,40.1
19-Oct,Conf,1,James Madison,A,Marshall,20,9,1,11,99.80%,23.8
1-Sep,FCS,0,Kansas,H,Missouri State,48,17,1,31,100.00%,33.4
8-Sep,Non,0,Kansas,H,Illinois,34,23,1,11,82.60%,7.9
16-Sep,Non,0,Kansas,A,Nevada,31,24,1,7,99.60%,22
23-Sep,Conf,1,Kansas,H,BYU,38,27,1,11,96.60%,15.3
30-Sep,Conf,1,Kansas,A,Texas,14,40,0,-26,0.00%,-28.7
7-Oct,Conf,1,Kansas,H,UCF,51,22,1,29,99.50%,21.7
14-Oct,Conf,1,Kansas,A,Oklahoma State,32,39,0,-7,43.50%,-1.4
2-Sep,FCS,0,Kansas State,H,SE Missouri State,45,0,1,45,100.00%,49.8
9-Sep,Non,0,Kansas State,H,Troy,42,13,1,29,99.90%,26.2
16-Sep,Non,0,Kansas State,A,Missouri,27,30,0,-3,13.60%,-9.2
23-Sep,Conf,1,Kansas State,H,UCF,44,31,1,13,63.10%,2.8
6-Oct,Conf,1,Kansas State,A,Oklahoma State,21,29,0,-8,26.50%,-5.2
14-Oct,Conf,1,Kansas State,A,Texas Tech,38,21,1,17,97.70%,16.7
21-Oct,Conf,1,Kansas State,H,TCU,41,3,1,38,100.00%,36.4
31-Aug,Non,0,Kent State,A,UCF,6,56,0,-50,0.00%,-43.6
9-Sep,Non,0,Kent State,A,Arkansas,6,28,0,-22,0.80%,-20.2
16-Sep,FCS,0,Kent State,H,Central Connecticut,38,10,1,28,100.00%,37
23-Sep,Non,0,Kent State,A,Fresno State,10,53,0,-43,0.00%,-40.2
30-Sep,Conf,1,Kent State,H,Miami-OH,3,23,0,-20,0.30%,-22.9
7-Oct,Conf,1,Kent State,A,Ohio,17,42,0,-25,0.00%,-36.1
14-Oct,Conf,1,Kent State,A,Eastern Michigan,14,28,0,-14,21.60%,-6.6
21-Oct,Conf,1,Kent State,H,Buffalo,6,24,0,-18,0.10%,-25.9
2-Sep,Non,0,Kentucky,H,Ball State,44,14,1,30,100.00%,28.4
9-Sep,FCS,0,Kentucky,H,Eastern Kentucky,28,17,1,11,91.90%,11.7
16-Sep,Non,0,Kentucky,H,Akron,35,3,1,32,100.00%,37.7
23-Sep,Conf,1,Kentucky,A,Vanderbilt,45,28,1,17,98.60%,18.4
30-Sep,Conf,1,Kentucky,H,Florida,33,14,1,19,99.50%,21.6
7-Oct,Conf,1,Kentucky,A,Georgia,13,51,0,-38,0.00%,-29.4
14-Oct,Conf,1,Kentucky,H,Missouri,21,38,0,-17,36.40%,-2.9
2-Sep,Non,0,Liberty,H,Bowling Green,34,24,1,10,82.40%,7.8
9-Sep,Conf,1,Liberty,H,New Mexico State,33,17,1,16,92.60%,12.1
16-Sep,Non,0,Liberty,A,Buffalo,55,27,1,28,100.00%,28.3
23-Sep,Conf,1,Liberty,A,Florida International,38,6,1,32,100.00%,39
5-Oct,Conf,1,Liberty,H,Sam Houston,21,16,1,5,97.10%,15.8
10-Oct,Conf,1,Liberty,A,Jacksonville State,31,13,1,18,97.50%,16.4
17-Oct,Conf,1,Liberty,H,Middle Tennessee,42,35,1,7,66.20%,3.5
26-Aug,Conf,1,Louisiana Tech,H,Florida International,22,17,1,5,83.20%,8
2-Sep,Non,0,Louisiana Tech,A,SMU,14,38,0,-24,2.20%,-16.9
9-Sep,FCS,0,Louisiana Tech,H,Northwestern State,51,21,1,30,99.80%,24.1
16-Sep,Non,0,Louisiana Tech,H,North Texas,37,40,0,-3,42.00%,-1.7
23-Sep,Non,0,Louisiana Tech,A,Nebraska,14,28,0,-14,0.90%,-19.7
29-Sep,Conf,1,Louisiana Tech,A,UTEP,24,10,1,14,98.50%,18.2
5-Oct,Conf,1,Louisiana Tech,H,Western Kentucky,28,35,0,-7,14.10%,-9
10-Oct,Conf,1,Louisiana Tech,A,Middle Tennessee,23,31,0,-8,24.30%,-5.8
1-Sep,Conf,1,Louisville,N,Georgia Tech,39,34,1,5,81.20%,7.4
7-Sep,FCS,0,Louisville,H,Murray State,56,0,1,56,100.00%,50.3
16-Sep,Non,0,Louisville,N,Indiana,21,14,1,7,95.80%,14.4
23-Sep,Conf,1,Louisville,H,Boston College,56,28,1,28,100.00%,32.6
29-Sep,Conf,1,Louisville,A,NC State,13,10,1,3,92.10%,11.8
7-Oct,Non,0,Louisville,H,Notre Dame,33,20,1,13,93.60%,12.7
14-Oct,Conf,1,Louisville,A,Pittsburgh,21,38,0,-17,8.30%,-11.6
3-Sep,Non,0,LSU,N,Florida State,24,45,0,-21,3.20%,-15.4
9-Sep,FCS,0,LSU,H,Grambling,72,10,1,62,100.00%,29.8
16-Sep,Conf,1,LSU,A,Mississippi State,41,14,1,27,100.00%,30.1
23-Sep,Conf,1,LSU,H,Arkansas,34,31,1,3,78.30%,6.5
30-Sep,Conf,1,LSU,A,Ole Miss,49,55,0,-6,66.40%,3.5
7-Oct,Conf,1,LSU,A,Missouri,49,39,1,10,74.30%,5.4
14-Oct,Conf,1,LSU,H,Auburn,48,18,1,30,100.00%,35.3
21-Oct,Non,0,LSU,H,Army,62,0,1,62,100.00%,52.7
2-Sep,FCS,0,Marshall,H,Albany-NY,21,17,1,4,99.50%,21.3
9-Sep,Non,0,Marshall,A,East Carolina,31,13,1,18,98.60%,18.4
23-Sep,Non,0,Marshall,H,Virginia Tech,24,17,1,7,65.30%,3.3
30-Sep,Conf,1,Marshall,H,Old Dominion,41,35,1,6,91.90%,11.7
7-Oct,Non,0,Marshall,A,NC State,41,48,0,-7,11.00%,-10.2
14-Oct,Conf,1,Marshall,A,Georgia State,24,41,0,-17,16.20%,-8.3
19-Oct,Conf,1,Marshall,H,James Madison,9,20,0,-11,0.20%,-23.8
2-Sep,FCS,0,Maryland,H,Towson,38,6,1,32,100.00%,37.5
9-Sep,Non,0,Maryland,H,Charlotte,38,20,1,18,99.30%,20.5
15-Sep,Non,0,Maryland,H,Virginia,42,14,1,28,99.90%,25.5
23-Sep,Conf,1,Maryland,A,Michigan State,31,9,1,22,68.30%,4
30-Sep,Conf,1,Maryland,H,Indiana,44,17,1,27,100.00%,37.1
7-Oct,Conf,1,Maryland,A,Ohio State,17,37,0,-20,0.30%,-22.6
14-Oct,Conf,1,Maryland,H,Illinois,24,27,0,-3,38.40%,-2.5
26-Aug,Non,0,Massachusetts,A,New Mexico State,41,30,1,11,35.10%,-3.2
2-Sep,Non,0,Massachusetts,A,Auburn,14,59,0,-45,5.80%,-13.1
9-Sep,Non,0,Massachusetts,H,Miami-OH,28,41,0,-13,2.40%,-16.5
16-Sep,Non,0,Massachusetts,A,Eastern Michigan,17,19,0,-2,12.20%,-9.7
23-Sep,Non,0,Massachusetts,H,New Mexico,31,34,0,-3,61.80%,2.5
30-Sep,Non,0,Massachusetts,H,Arkansas State,28,52,0,-24,0.80%,-20.1
7-Oct,Non,0,Massachusetts,H,Toledo,24,41,0,-17,2.10%,-17
14-Oct,Non,0,Massachusetts,A,Penn State,0,63,0,-63,0.00%,-47.6
2-Sep,FCS,0,Memphis,H,Bethune-Cookman,56,14,1,42,100.00%,47.7
9-Sep,Non,0,Memphis,A,Arkansas State,37,3,1,34,100.00%,33.8
14-Sep,Conf,1,Memphis,H,Navy,28,24,1,4,91.00%,11.2
23-Sep,Non,0,Memphis,N,Missouri,27,34,0,-7,0.10%,-25.7
30-Sep,Non,0,Memphis,H,Boise State,35,32,1,3,22.60%,-6.3
13-Oct,Conf,1,Memphis,H,Tulane,21,31,0,-10,18.60%,-7.5
1-Sep,Non,0,Miami-FL,H,Miami-OH,38,3,1,35,100.00%,40.1
9-Sep,Non,0,Miami-FL,H,Texas A&M,48,33,1,15,88.70%,10.1
14-Sep,FCS,0,Miami-FL,H,Bethune-Cookman,48,7,1,41,100.00%,53.5
23-Sep,Non,0,Miami-FL,A,Temple,41,7,1,34,100.00%,37.4
7-Oct,Conf,1,Miami-FL,H,Georgia Tech,20,23,0,-3,57.30%,1.5
14-Oct,Conf,1,Miami-FL,A,North Carolina,31,41,0,-10,26.40%,-5.3
21-Oct,Conf,1,Miami-FL,H,Clemson,28,20,1,8,38.00%,-2.6
1-Sep,Non,0,Miami-OH,A,Miami-FL,3,38,0,-35,0.00%,-40.1
9-Sep,Non,0,Miami-OH,A,Massachusetts,41,28,1,13,97.60%,16.5
16-Sep,Non,0,Miami-OH,A,Cincinnati,31,24,1,7,82.30%,7.7
23-Sep,FCS,0,Miami-OH,H,Delaware State,62,20,1,42,100.00%,39.1
30-Sep,Conf,1,Miami-OH,A,Kent State,23,3,1,20,99.70%,22.9
7-Oct,Conf,1,Miami-OH,H,Bowling Green,27,0,1,27,99.90%,25.1
14-Oct,Conf,1,Miami-OH,A,Western Michigan,34,21,1,13,96.30%,15
21-Oct,Conf,1,Miami-OH,H,Toledo,17,21,0,-4,7.90%,-11.8
2-Sep,Non,0,Michigan,H,East Carolina,30,3,1,27,100.00%,35.7
9-Sep,Non,0,Michigan,H,UNLV,35,7,1,28,100.00%,39.4
16-Sep,Non,0,Michigan,H,Bowling Green,31,6,1,25,100.00%,38.6
23-Sep,Conf,1,Michigan,H,Rutgers,31,7,1,24,99.70%,23
30-Sep,Conf,1,Michigan,A,Nebraska,45,7,1,38,100.00%,38.1
7-Oct,Conf,1,Michigan,A,Minnesota,52,10,1,42,100.00%,40.7
14-Oct,Conf,1,Michigan,H,Indiana,52,7,1,45,100.00%,32.8
21-Oct,Conf,1,Michigan,A,Michigan State,49,0,1,49,100.00%,49.1
1-Sep,Non,0,Michigan State,H,Central Michigan,31,7,1,24,100.00%,29.9
9-Sep,FCS,0,Michigan State,H,Richmond,45,14,1,31,100.00%,38.2
16-Sep,Non,0,Michigan State,H,Washington,7,41,0,-34,0.00%,-51.2
23-Sep,Conf,1,Michigan State,H,Maryland,9,31,0,-22,31.70%,-4
30-Sep,Conf,1,Michigan State,A,Iowa,16,26,0,-10,35.70%,-3.1
14-Oct,Conf,1,Michigan State,A,Rutgers,24,27,0,-3,28.10%,-4.8
21-Oct,Conf,1,Michigan State,H,Michigan,0,49,0,-49,0.00%,-49.1
2-Sep,Non,0,Middle Tennessee,A,Alabama,7,56,0,-49,0.00%,-39
9-Sep,Non,0,Middle Tennessee,A,Missouri,19,23,0,-4,5.20%,-13.6
16-Sep,FCS,0,Middle Tennessee,H,Murray State,35,14,1,21,100.00%,29
23-Sep,Non,0,Middle Tennessee,H,Colorado State,23,31,0,-8,19.30%,-7.2
28-Sep,Conf,1,Middle Tennessee,A,Western Kentucky,10,31,0,-21,6.50%,-12.7
4-Oct,Conf,1,Middle Tennessee,H,Jacksonville State,30,45,0,-15,25.80%,-5.4
10-Oct,Conf,1,Middle Tennessee,H,Louisiana Tech,31,23,1,8,75.70%,5.8
17-Oct,Conf,1,Middle Tennessee,A,Liberty,35,42,0,-7,33.80%,-3.5
31-Aug,Conf,1,Minnesota,H,Nebraska,13,10,1,3,2.90%,-15.9
9-Sep,Non,0,Minnesota,H,Eastern Michigan,25,6,1,19,99.90%,27
16-Sep,Non,0,Minnesota,A,North Carolina,13,31,0,-18,1.70%,-17.8
23-Sep,Conf,1,Minnesota,A,Northwestern,34,37,0,-3,58.80%,1.9
30-Sep,Non,0,Minnesota,H,UL-Lafayette,35,24,1,11,85.70%,8.9
7-Oct,Conf,1,Minnesota,H,Michigan,10,52,0,-42,0.00%,-40.7
21-Oct,Conf,1,Minnesota,A,Iowa,12,10,1,2,51.70%,0.4
2-Sep,FCS,0,Mississippi State,H,Southeastern Louisiana,48,7,1,41,100.00%,32.3
9-Sep,Non,0,Mississippi State,H,Arizona,31,24,1,7,70.30%,4.5
16-Sep,Conf,1,Mississippi State,H,LSU,14,41,0,-27,0.00%,-30.1
23-Sep,Conf,1,Mississippi State,A,South Carolina,30,37,0,-7,20.80%,-6.8
30-Sep,Conf,1,Mississippi State,H,Alabama,17,40,0,-23,0.00%,-30
7-Oct,Non,0,Mississippi State,H,Western Michigan,41,28,1,13,98.00%,17.2
21-Oct,Conf,1,Mississippi State,A,Arkansas,7,3,1,4,75.10%,5.7
31-Aug,FCS,0,Missouri,H,South Dakota,35,10,1,25,100.00%,36.8
9-Sep,Non,0,Missouri,H,Middle Tennessee,23,19,1,4,94.80%,13.6
16-Sep,Non,0,Missouri,H,Kansas State,30,27,1,3,86.40%,9.2
23-Sep,Non,0,Missouri,N,Memphis,34,27,1,7,99.90%,25.7
30-Sep,Conf,1,Missouri,A,Vanderbilt,38,21,1,17,99.20%,20.1
7-Oct,Conf,1,Missouri,H,LSU,39,49,0,-10,25.70%,-5.4
14-Oct,Conf,1,Missouri,A,Kentucky,38,21,1,17,63.60%,2.9
21-Oct,Conf,1,Missouri,H,South Carolina,34,12,1,22,100.00%,27.7
26-Aug,Non,0,Navy,N,Notre Dame,3,42,0,-39,0.00%,-32.7
9-Sep,FCS,0,Navy,H,Wagner,24,0,1,24,99.90%,26.5
14-Sep,Conf,1,Navy,A,Memphis,24,28,0,-4,9.00%,-11.2
30-Sep,Conf,1,Navy,H,USF,30,44,0,-14,19.60%,-7.2
7-Oct,Conf,1,Navy,H,North Texas,27,24,1,3,52.90%,0.6
14-Oct,Conf,1,Navy,A,Charlotte,14,0,1,14,96.30%,15
21-Oct,Non,0,Navy,H,Air Force,6,17,0,-11,3.50%,-15.1
31-Aug,Non,0,NC State,A,Connecticut,24,14,1,10,89.90%,10.7
9-Sep,Non,0,NC State,H,Notre Dame,24,45,0,-21,0.00%,-27.9
16-Sep,FCS,0,NC State,H,VMI,45,7,1,38,100.00%,36
22-Sep,Conf,1,NC State,A,Virginia,24,21,1,3,65.70%,3.4
29-Sep,Conf,1,NC State,H,Louisville,10,13,0,-3,7.90%,-11.8
7-Oct,Non,0,NC State,H,Marshall,48,41,1,7,89.00%,10.2
14-Oct,Conf,1,NC State,A,Duke,3,24,0,-21,1.10%,-19.2
31-Aug,Conf,1,Nebraska,A,Minnesota,10,13,0,-3,97.10%,15.9
9-Sep,Non,0,Nebraska,A,Colorado,14,36,0,-22,5.60%,-13.3
16-Sep,Non,0,Nebraska,H,Northern Illinois,35,11,1,24,99.90%,27.5
23-Sep,Non,0,Nebraska,H,Louisiana Tech,28,14,1,14,99.10%,19.7
30-Sep,Conf,1,Nebraska,H,Michigan,7,45,0,-38,0.00%,-38.1
6-Oct,Conf,1,Nebraska,A,Illinois,20,7,1,13,90.30%,10.8
21-Oct,Conf,1,Nebraska,H,Northwestern,17,9,1,8,58.50%,1.8
2-Sep,Non,0,Nevada,A,USC,14,66,0,-52,0.00%,-44.6
9-Sep,FCS,0,Nevada,H,Idaho,6,33,0,-27,0.00%,-30.8
16-Sep,Non,0,Nevada,H,Kansas,24,31,0,-7,0.40%,-22
23-Sep,Non,0,Nevada,A,Texas State,24,35,0,-11,0.20%,-24.8
30-Sep,Conf,1,Nevada,A,Fresno State,9,27,0,-18,0.00%,-35.6
14-Oct,Conf,1,Nevada,H,UNLV,27,45,0,-18,10.50%,-10.5
21-Oct,Conf,1,Nevada,A,San Diego State,6,0,1,6,73.40%,5.2
2-Sep,Non,0,New Mexico,A,Texas A&M,10,52,0,-42,0.00%,-36.6
9-Sep,FCS,0,New Mexico,H,Tennessee Tech,56,10,1,46,100.00%,41.8
16-Sep,Non,0,New Mexico,H,New Mexico State,17,27,0,-10,8.80%,-11.3
23-Sep,Non,0,New Mexico,A,Massachusetts,34,31,1,3,38.20%,-2.5
30-Sep,Conf,1,New Mexico,A,Wyoming,26,35,0,-9,8.00%,-11.7
14-Oct,Conf,1,New Mexico,H,San Jose State,24,52,0,-28,0.00%,-34.6
21-Oct,Conf,1,New Mexico,H,Hawaii,42,21,1,21,98.70%,18.6
26-Aug,Non,0,New Mexico State,H,Massachusetts,30,41,0,-11,64.90%,3.2
2-Sep,FCS,0,New Mexico State,H,Western Illinois,58,21,1,37,99.90%,25.8
9-Sep,Conf,1,New Mexico State,A,Liberty,17,33,0,-16,7.40%,-12.1
16-Sep,Non,0,New Mexico State,A,New Mexico,27,17,1,10,91.20%,11.3
23-Sep,Non,0,New Mexico State,A,Hawaii,17,20,0,-3,84.20%,8.4
4-Oct,Conf,1,New Mexico State,H,Florida International,34,17,1,17,83.70%,8.2
11-Oct,Conf,1,New Mexico State,H,Sam Houston,27,13,1,14,98.60%,18.3
18-Oct,Conf,1,New Mexico State,A,UTEP,28,7,1,21,100.00%,34.9
2-Sep,Non,0,North Carolina,N,South Carolina,31,17,1,14,96.70%,15.4
9-Sep,Non,0,North Carolina,H,Appalachian State,40,34,1,6,97.00%,15.7
16-Sep,Non,0,North Carolina,H,Minnesota,31,13,1,18,98.30%,17.8
23-Sep,Conf,1,North Carolina,A,Pittsburgh,41,24,1,17,85.00%,8.7
7-Oct,Conf,1,North Carolina,H,Syracuse,40,7,1,33,100.00%,32.3
14-Oct,Conf,1,North Carolina,H,Miami-FL,41,31,1,10,73.60%,5.3
21-Oct,Conf,1,North Carolina,H,Virginia,27,31,0,-4,71.30%,4.7
2-Sep,Non,0,North Texas,H,California,21,58,0,-37,1.00%,-19.4
9-Sep,Non,0,North Texas,A,Florida International,39,46,0,-7,17.40%,-7.8
16-Sep,Non,0,North Texas,A,Louisiana Tech,40,37,1,3,58.00%,1.7
30-Sep,FCS,0,North Texas,H,Abilene Christian,45,31,1,14,95.70%,14.3
7-Oct,Conf,1,North Texas,A,Navy,24,27,0,-3,47.10%,-0.6
14-Oct,Conf,1,North Texas,H,Temple,45,14,1,31,96.20%,14.8
21-Oct,Conf,1,North Texas,A,Tulane,28,35,0,-7,8.50%,-11.5
2-Sep,Non,0,Northern Illinois,A,Boston College,27,24,1,3,76.90%,6.1
9-Sep,FCS,0,Northern Illinois,H,Southern Illinois,11,14,0,-3,32.70%,-3.7
16-Sep,Non,0,Northern Illinois,A,Nebraska,11,35,0,-24,0.10%,-27.5
23-Sep,Non,0,Northern Illinois,H,Tulsa,14,22,0,-8,10.30%,-10.6
30-Sep,Conf,1,Northern Illinois,A,Toledo,33,35,0,-2,41.80%,-1.7
7-Oct,Conf,1,Northern Illinois,A,Akron,55,14,1,41,100.00%,51.8
14-Oct,Conf,1,Northern Illinois,H,Ohio,23,13,1,10,71.50%,4.8
21-Oct,Conf,1,Northern Illinois,H,Eastern Michigan,20,13,1,7,70.70%,4.6
3-Sep,Conf,1,Northwestern,A,Rutgers,7,24,0,-17,0.20%,-23.7
9-Sep,Non,0,Northwestern,H,UTEP,38,7,1,31,99.90%,26.5
16-Sep,Non,0,Northwestern,A,Duke,14,38,0,-24,0.00%,-36.5
23-Sep,Conf,1,Northwestern,H,Minnesota,37,34,1,3,41.20%,-1.9
30-Sep,Conf,1,Northwestern,H,Penn State,13,41,0,-28,0.20%,-24.1
7-Oct,FCS,0,Northwestern,H,Howard,23,20,1,3,67.90%,3.9
21-Oct,Conf,1,Northwestern,A,Nebraska,9,17,0,-8,41.50%,-1.8
26-Aug,Non,0,Notre Dame,N,Navy,42,3,1,39,100.00%,32.7
2-Sep,FCS,0,Notre Dame,H,Tennessee State,56,3,1,53,100.00%,56.2
9-Sep,Non,0,Notre Dame,A,NC State,45,24,1,21,100.00%,27.9
16-Sep,Non,0,Notre Dame,H,Central Michigan,41,17,1,24,100.00%,34.7
23-Sep,Non,0,Notre Dame,H,Ohio State,14,17,0,-3,65.30%,3.3
30-Sep,Non,0,Notre Dame,A,Duke,21,14,1,7,80.80%,7.3
7-Oct,Non,0,Notre Dame,A,Louisville,20,33,0,-13,6.40%,-12.7
14-Oct,Non,0,Notre Dame,H,USC,48,20,1,28,99.10%,19.8
26-Aug,Non,0,Ohio,A,San Diego State,13,20,0,-7,23.50%,-6
2-Sep,FCS,0,Ohio,H,Long Island,27,10,1,17,99.90%,27
9-Sep,Non,0,Ohio,A,Florida Atlantic,17,10,1,7,95.80%,14.5
16-Sep,Non,0,Ohio,H,Iowa State,10,7,1,3,17.30%,-7.9
23-Sep,Conf,1,Ohio,A,Bowling Green,38,7,1,31,100.00%,37
7-Oct,Conf,1,Ohio,H,Kent State,42,17,1,25,100.00%,36.1
14-Oct,Conf,1,Ohio,A,Northern Illinois,13,23,0,-10,28.50%,-4.8
21-Oct,Conf,1,Ohio,H,Western Michigan,20,17,1,3,64.60%,3.1
2-Sep,Conf,1,Ohio State,A,Indiana,23,3,1,20,100.00%,28.8
9-Sep,FCS,0,Ohio State,H,Youngstown State,35,7,1,28,100.00%,37.7
16-Sep,Non,0,Ohio State,H,Western Kentucky,63,10,1,53,100.00%,46.5
23-Sep,Non,0,Ohio State,A,Notre Dame,17,14,1,3,34.70%,-3.3
7-Oct,Conf,1,Ohio State,H,Maryland,37,17,1,20,99.70%,22.6
14-Oct,Conf,1,Ohio State,A,Purdue,41,7,1,34,100.00%,29.9
21-Oct,Conf,1,Ohio State,H,Penn State,20,12,1,8,91.40%,11.4
2-Sep,Non,0,Oklahoma,H,Arkansas State,73,0,1,73,100.00%,40.3
9-Sep,Non,0,Oklahoma,H,SMU,28,11,1,17,99.30%,20.4
16-Sep,Non,0,Oklahoma,A,Tulsa,66,17,1,49,100.00%,31.1
23-Sep,Conf,1,Oklahoma,A,Cincinnati,20,6,1,14,93.50%,12.7
30-Sep,Conf,1,Oklahoma,H,Iowa State,50,20,1,30,99.00%,19.5
7-Oct,Conf,1,Oklahoma,N,Texas,34,30,1,4,58.60%,1.8
21-Oct,Conf,1,Oklahoma,H,UCF,31,29,1,2,86.80%,9.3
2-Sep,FCS,0,Oklahoma State,H,Central Arkansas,27,13,1,14,66.20%,3.5
9-Sep,Non,0,Oklahoma State,A,Arizona State,27,15,1,12,97.60%,16.5
16-Sep,Non,0,Oklahoma State,H,South Alabama,7,33,0,-26,1.20%,-18.9
23-Sep,Conf,1,Oklahoma State,A,Iowa State,27,34,0,-7,30.80%,-4.2
6-Oct,Conf,1,Oklahoma State,H,Kansas State,29,21,1,8,73.50%,5.2
14-Oct,Conf,1,Oklahoma State,H,Kansas,39,32,1,7,56.50%,1.4
21-Oct,Conf,1,Oklahoma State,A,West Virginia,48,34,1,14,92.00%,11.7
2-Sep,Non,0,Old Dominion,A,Virginia Tech,17,36,0,-19,15.70%,-8.4
9-Sep,Conf,1,Old Dominion,H,UL-Lafayette,38,31,1,7,86.80%,9.3
16-Sep,Non,0,Old Dominion,H,Wake Forest,24,27,0,-3,18.50%,-7.5
23-Sep,FCS,0,Old Dominion,H,Texas A&M-Commerce,10,9,1,1,96.30%,15
30-Sep,Conf,1,Old Dominion,A,Marshall,35,41,0,-6,8.10%,-11.7
7-Oct,Conf,1,Old Dominion,A,Southern Miss,17,13,1,4,94.70%,13.5
21-Oct,Conf,1,Old Dominion,H,Appalachian State,28,21,1,7,96.30%,15
2-Sep,FCS,0,Ole Miss,H,Mercer,73,7,1,66,100.00%,34
9-Sep,Non,0,Ole Miss,A,Tulane,37,20,1,17,98.60%,18.5
16-Sep,Non,0,Ole Miss,H,Georgia Tech,48,23,1,25,100.00%,29.7
23-Sep,Conf,1,Ole Miss,A,Alabama,10,24,0,-14,0.70%,-20.6
30-Sep,Conf,1,Ole Miss,H,LSU,55,49,1,6,33.60%,-3.5
7-Oct,Conf,1,Ole Miss,H,Arkansas,27,20,1,7,94.60%,13.4
21-Oct,Conf,1,Ole Miss,A,Auburn,28,21,1,7,85.50%,8.9
2-Sep,FCS,0,Oregon,H,Portland State,81,7,1,74,100.00%,51.5
9-Sep,Non,0,Oregon,A,Texas Tech,38,30,1,8,71.30%,4.7
16-Sep,Non,0,Oregon,H,Hawaii,55,10,1,45,100.00%,49.7
23-Sep,Conf,1,Oregon,H,Colorado,42,6,1,36,100.00%,47.2
30-Sep,Conf,1,Oregon,A,Stanford,42,6,1,36,100.00%,44.4
14-Oct,Conf,1,Oregon,A,Washington,33,36,0,-3,22.30%,-6.4
21-Oct,Conf,1,Oregon,H,Washington State,38,24,1,14,99.80%,23.7
3-Sep,Non,0,Oregon State,A,San Jose State,42,17,1,25,100.00%,32.5
9-Sep,FCS,0,Oregon State,H,UC Davis,55,7,1,48,100.00%,49.5
16-Sep,Non,0,Oregon State,H,San Diego State,26,9,1,17,98.80%,19
23-Sep,Conf,1,Oregon State,A,Washington State,35,38,0,-3,6.20%,-12.9
29-Sep,Conf,1,Oregon State,H,Utah,21,7,1,14,99.60%,22.1
7-Oct,Conf,1,Oregon State,A,California,52,40,1,12,68.60%,4
14-Oct,Conf,1,Oregon State,H,UCLA,36,24,1,12,99.80%,23.8
2-Sep,Non,0,Penn State,H,West Virginia,38,15,1,23,100.00%,29.9
9-Sep,FCS,0,Penn State,H,Delaware,63,7,1,56,100.00%,33.3
16-Sep,Conf,1,Penn State,A,Illinois,30,13,1,17,81.10%,7.4
23-Sep,Conf,1,Penn State,H,Iowa,31,0,1,31,98.90%,19.2
30-Sep,Conf,1,Penn State,A,Northwestern,41,13,1,28,99.80%,24.1
14-Oct,Non,0,Penn State,H,Massachusetts,63,0,1,63,100.00%,47.6
21-Oct,Conf,1,Penn State,A,Ohio State,12,20,0,-8,8.60%,-11.4
2-Sep,FCS,0,Pittsburgh,H,Wofford,45,7,1,38,100.00%,48.4
9-Sep,Non,0,Pittsburgh,H,Cincinnati,21,27,0,-6,22.50%,-6.3
16-Sep,Non,0,Pittsburgh,A,West Virginia,6,17,0,-11,29.10%,-4.6
23-Sep,Conf,1,Pittsburgh,H,North Carolina,24,41,0,-17,15.00%,-8.7
30-Sep,Conf,1,Pittsburgh,A,Virginia Tech,21,38,0,-17,6.70%,-12.5
14-Oct,Conf,1,Pittsburgh,H,Louisville,38,21,1,17,91.70%,11.6
21-Oct,Conf,1,Pittsburgh,A,Wake Forest,17,21,0,-4,47.10%,-0.6
2-Sep,Non,0,Purdue,H,Fresno State,35,39,0,-4,27.20%,-5.1
9-Sep,Non,0,Purdue,A,Virginia Tech,24,17,1,7,57.90%,1.7
16-Sep,Non,0,Purdue,H,Syracuse,20,35,0,-15,7.70%,-11.9
22-Sep,Conf,1,Purdue,H,Wisconsin,17,38,0,-21,6.70%,-12.5
30-Sep,Conf,1,Purdue,H,Illinois,44,19,1,25,99.00%,19.6
7-Oct,Conf,1,Purdue,A,Iowa,14,20,0,-6,38.40%,-2.5
14-Oct,Conf,1,Purdue,H,Ohio State,7,41,0,-34,0.00%,-29.9
2-Sep,Non,0,Rice,A,Texas,10,37,0,-27,0.00%,-33.9
9-Sep,Non,0,Rice,H,Houston,43,41,1,2,75.60%,5.8
16-Sep,FCS,0,Rice,H,Texas Southern,59,7,1,52,100.00%,45.4
23-Sep,Conf,1,Rice,A,USF,29,42,0,-13,4.70%,-14
30-Sep,Conf,1,Rice,H,East Carolina,24,17,1,7,82.70%,7.9
7-Oct,Non,0,Rice,H,Connecticut,31,38,0,-7,53.50%,0.7
19-Oct,Conf,1,Rice,A,Tulsa,42,10,1,32,100.00%,33.6
3-Sep,Conf,1,Rutgers,H,Northwestern,24,7,1,17,99.80%,23.7
9-Sep,Non,0,Rutgers,H,Temple,36,7,1,29,100.00%,28.2
16-Sep,Non,0,Rutgers,H,Virginia Tech,35,16,1,19,91.30%,11.4
23-Sep,Conf,1,Rutgers,A,Michigan,7,31,0,-24,0.30%,-23
30-Sep,FCS,0,Rutgers,H,Wagner,52,3,1,49,100.00%,40.5
7-Oct,Conf,1,Rutgers,A,Wisconsin,13,24,0,-11,2.40%,-16.5
14-Oct,Conf,1,Rutgers,H,Michigan State,27,24,1,3,71.90%,4.8
21-Oct,Conf,1,Rutgers,A,Indiana,31,14,1,17,97.40%,16.2
2-Sep,Non,0,Sam Houston,A,BYU,0,14,0,-14,25.90%,-5.4
9-Sep,Non,0,Sam Houston,N,Air Force,3,13,0,-10,0.50%,-21.4
23-Sep,Non,0,Sam Houston,A,Houston,7,38,0,-31,0.00%,-35
28-Sep,Conf,1,Sam Houston,H,Jacksonville State,28,35,0,-7,7.10%,-12.2
5-Oct,Conf,1,Sam Houston,A,Liberty,16,21,0,-5,2.90%,-15.8
11-Oct,Conf,1,Sam Houston,A,New Mexico State,13,27,0,-14,1.40%,-18.3
18-Oct,Conf,1,Sam Houston,H,Florida International,27,33,0,-6,81.70%,7.5
26-Aug,Non,0,San Diego State,H,Ohio,20,13,1,7,76.50%,6
2-Sep,FCS,0,San Diego State,H,Idaho State,36,28,1,8,98.70%,18.7
9-Sep,Non,0,San Diego State,H,UCLA,10,35,0,-25,0.00%,-41.3
16-Sep,Non,0,San Diego State,A,Oregon State,9,26,0,-17,1.20%,-19
22-Sep,Conf,1,San Diego State,H,Boise State,31,34,0,-3,51.90%,0.4
30-Sep,Conf,1,San Diego State,A,Air Force,10,49,0,-39,0.00%,-40.2
14-Oct,Conf,1,San Diego State,A,Hawaii,41,34,1,7,13.70%,-9.1
21-Oct,Conf,1,San Diego State,H,Nevada,0,6,0,-6,26.60%,-5.2
26-Aug,Non,0,San Jose State,A,USC,28,56,0,-28,0.30%,-22.5
3-Sep,Non,0,San Jose State,H,Oregon State,17,42,0,-25,0.00%,-32.5
9-Sep,FCS,0,San Jose State,H,Cal Poly,59,3,1,56,100.00%,50.8
16-Sep,Non,0,San Jose State,A,Toledo,17,21,0,-4,9.20%,-11.1
22-Sep,Conf,1,San Jose State,H,Air Force,20,45,0,-25,28.60%,-4.7
7-Oct,Conf,1,San Jose State,A,Boise State,27,35,0,-8,9.70%,-10.9
14-Oct,Conf,1,San Jose State,A,New Mexico,52,24,1,28,100.00%,34.6
21-Oct,Conf,1,San Jose State,H,Utah State,42,21,1,21,99.80%,24.7
2-Sep,Non,0,SMU,H,Louisiana Tech,38,14,1,24,97.80%,16.9
9-Sep,Non,0,SMU,A,Oklahoma,11,28,0,-17,0.70%,-20.4
23-Sep,Non,0,SMU,A,TCU,17,34,0,-17,3.20%,-15.5
30-Sep,Conf,1,SMU,H,Charlotte,34,16,1,18,99.50%,21.5
12-Oct,Conf,1,SMU,A,East Carolina,31,10,1,21,99.50%,21.5
20-Oct,Conf,1,SMU,A,Temple,55,0,1,55,100.00%,43
2-Sep,Non,0,South Alabama,A,Tulane,17,37,0,-20,0.10%,-25.7
9-Sep,FCS,0,South Alabama,H,Southeastern Louisiana,35,17,1,18,99.00%,19.5
16-Sep,Non,0,South Alabama,A,Oklahoma State,33,7,1,26,98.80%,18.9
23-Sep,Non,0,South Alabama,H,Central Michigan,30,34,0,-4,86.60%,9.3
30-Sep,Conf,1,South Alabama,A,James Madison,23,31,0,-8,13.30%,-9.3
7-Oct,Conf,1,South Alabama,A,UL-Monroe,55,7,1,48,100.00%,40.5
17-Oct,Conf,1,South Alabama,H,Southern Miss,55,3,1,52,100.00%,54.9
2-Sep,Non,0,South Carolina,N,North Carolina,17,31,0,-14,3.30%,-15.4
9-Sep,FCS,0,South Carolina,H,Furman,47,21,1,26,100.00%,30.9
16-Sep,Conf,1,South Carolina,A,Georgia,14,24,0,-10,7.30%,-12.1
23-Sep,Conf,1,South Carolina,H,Mississippi State,37,30,1,7,79.20%,6.8
30-Sep,Conf,1,South Carolina,A,Tennessee,20,41,0,-21,0.50%,-21.8
14-Oct,Conf,1,South Carolina,H,Florida,39,41,0,-2,71.00%,4.6
21-Oct,Conf,1,South Carolina,A,Missouri,12,34,0,-22,0.00%,-27.7
2-Sep,FCS,0,Southern Miss,H,Alcorn State,40,14,1,26,99.60%,21.9
9-Sep,Non,0,Southern Miss,A,Florida State,13,66,0,-53,0.10%,-25.5
16-Sep,Non,0,Southern Miss,H,Tulane,3,21,0,-18,0.10%,-25.9
23-Sep,Conf,1,Southern Miss,A,Arkansas State,37,44,0,-7,44.80%,-1.1
30-Sep,Conf,1,Southern Miss,H,Texas State,36,50,0,-14,0.20%,-23.8
7-Oct,Conf,1,Southern Miss,H,Old Dominion,13,17,0,-4,5.30%,-13.5
17-Oct,Conf,1,Southern Miss,A,South Alabama,3,55,0,-52,0.00%,-54.9
1-Sep,Non,0,Stanford,A,Hawaii,37,24,1,13,96.00%,14.6
9-Sep,Conf,1,Stanford,A,USC,10,56,0,-46,0.00%,-39.6
16-Sep,FCS,0,Stanford,H,Sacramento State,23,30,0,-7,11.90%,-9.9
23-Sep,Conf,1,Stanford,H,Arizona,20,21,0,-1,18.10%,-7.6
30-Sep,Conf,1,Stanford,H,Oregon,6,42,0,-36,0.00%,-44.4
13-Oct,Conf,1,Stanford,A,Colorado,46,43,1,3,27.30%,-5
21-Oct,Conf,1,Stanford,H,UCLA,7,42,0,-35,0.00%,-36
2-Sep,FCS,0,Syracuse,H,Colgate,65,0,1,65,100.00%,53.7
9-Sep,Non,0,Syracuse,H,Western Michigan,48,7,1,41,100.00%,29.7
16-Sep,Non,0,Syracuse,A,Purdue,35,20,1,15,92.30%,11.9
23-Sep,Non,0,Syracuse,H,Army,29,16,1,13,100.00%,27.6
30-Sep,Conf,1,Syracuse,H,Clemson,14,31,0,-17,2.50%,-16.3
7-Oct,Conf,1,Syracuse,A,North Carolina,7,40,0,-33,0.00%,-32.3
14-Oct,Conf,1,Syracuse,A,Florida State,3,41,0,-38,0.00%,-30.4
2-Sep,Non,0,TCU,H,Colorado,42,45,0,-3,39.80%,-2.2
9-Sep,FCS,0,TCU,H,Nicholls State,41,6,1,35,100.00%,34.3
16-Sep,Conf,1,TCU,A,Houston,36,13,1,23,99.90%,25.9
23-Sep,Non,0,TCU,H,SMU,34,17,1,17,96.80%,15.5
30-Sep,Conf,1,TCU,H,West Virginia,21,24,0,-3,28.90%,-4.7
7-Oct,Conf,1,TCU,A,Iowa State,14,27,0,-13,25.50%,-5.5
14-Oct,Conf,1,TCU,H,BYU,44,11,1,33,100.00%,40.2
21-Oct,Conf,1,TCU,A,Kansas State,3,41,0,-38,0.00%,-36.4
2-Sep,Non,0,Temple,H,Akron,24,21,1,3,49.70%,-0.1
9-Sep,Non,0,Temple,A,Rutgers,7,36,0,-29,0.00%,-28.2
16-Sep,FCS,0,Temple,H,Norfolk State,41,9,1,32,100.00%,44.8
23-Sep,Non,0,Temple,H,Miami-FL,7,41,0,-34,0.00%,-37.4
28-Sep,Conf,1,Temple,A,Tulsa,26,48,0,-22,0.00%,-30.3
7-Oct,Conf,1,Temple,H,UTSA,34,49,0,-15,5.40%,-13.4
14-Oct,Conf,1,Temple,A,North Texas,14,45,0,-31,3.80%,-14.8
20-Oct,Conf,1,Temple,H,SMU,0,55,0,-55,0.00%,-43
2-Sep,Non,0,Tennessee,N,Virginia,49,13,1,36,100.00%,30.5
9-Sep,FCS,0,Tennessee,H,Austin Peay,30,13,1,17,99.90%,24.9
16-Sep,Conf,1,Tennessee,A,Florida,16,29,0,-13,16.90%,-8
23-Sep,Non,0,Tennessee,H,UTSA,45,14,1,31,100.00%,39.1
30-Sep,Conf,1,Tennessee,H,South Carolina,41,20,1,21,99.50%,21.8
14-Oct,Conf,1,Tennessee,H,Texas A&M,20,13,1,7,66.10%,3.5
21-Oct,Conf,1,Tennessee,A,Alabama,20,34,0,-14,12.10%,-9.8
2-Sep,Non,0,Texas,H,Rice,37,10,1,27,100.00%,33.9
9-Sep,Non,0,Texas,A,Alabama,34,24,1,10,80.30%,7.1
16-Sep,Non,0,Texas,H,Wyoming,31,10,1,21,99.90%,25.3
23-Sep,Conf,1,Texas,A,Baylor,38,6,1,32,100.00%,34
30-Sep,Conf,1,Texas,H,Kansas,40,14,1,26,100.00%,28.7
7-Oct,Conf,1,Texas,N,Oklahoma,30,34,0,-4,41.40%,-1.8
21-Oct,Conf,1,Texas,A,Houston,31,24,1,7,77.50%,6.3
2-Sep,Non,0,Texas A&M,H,New Mexico,52,10,1,42,100.00%,36.6
9-Sep,Non,0,Texas A&M,A,Miami-FL,33,48,0,-15,11.30%,-10.1
16-Sep,Non,0,Texas A&M,H,UL-Monroe,47,3,1,44,100.00%,35.8
23-Sep,Conf,1,Texas A&M,H,Auburn,27,10,1,17,100.00%,33.3
30-Sep,Conf,1,Texas A&M,N,Arkansas,34,22,1,12,99.80%,23.6
7-Oct,Conf,1,Texas A&M,H,Alabama,20,26,0,-6,24.10%,-5.9
14-Oct,Conf,1,Texas A&M,A,Tennessee,13,20,0,-7,33.90%,-3.5
2-Sep,Non,0,Texas State,A,Baylor,42,31,1,11,63.90%,3
9-Sep,Non,0,Texas State,A,UTSA,13,20,0,-7,45.60%,-0.9
16-Sep,FCS,0,Texas State,H,Jackson State,77,34,1,43,100.00%,29.6
23-Sep,Non,0,Texas State,H,Nevada,35,24,1,11,99.80%,24.8
30-Sep,Conf,1,Texas State,A,Southern Miss,50,36,1,14,99.80%,23.8
7-Oct,Conf,1,Texas State,A,UL-Lafayette,30,34,0,-4,6.50%,-12.6
14-Oct,Conf,1,Texas State,H,UL-Monroe,21,20,1,1,70.40%,4.5
2-Sep,Non,0,Texas Tech,A,Wyoming,33,35,0,-2,85.70%,8.9
9-Sep,Non,0,Texas Tech,H,Oregon,30,38,0,-8,28.70%,-4.7
16-Sep,FCS,0,Texas Tech,H,Tarleton State,41,3,1,38,100.00%,32.8
23-Sep,Conf,1,Texas Tech,A,West Virginia,13,20,0,-7,40.80%,-2
30-Sep,Conf,1,Texas Tech,H,Houston,49,28,1,21,88.20%,9.9
7-Oct,Conf,1,Texas Tech,A,Baylor,39,14,1,25,98.50%,18.2
14-Oct,Conf,1,Texas Tech,H,Kansas State,21,38,0,-17,2.30%,-16.7
21-Oct,Conf,1,Texas Tech,A,BYU,14,27,0,-13,28.40%,-4.8
2-Sep,Non,0,Toledo,A,Illinois,28,30,0,-2,14.40%,-8.9
9-Sep,FCS,0,Toledo,H,Texas Southern,71,3,1,68,100.00%,51.6
16-Sep,Non,0,Toledo,H,San Jose State,21,17,1,4,90.80%,11.1
23-Sep,Conf,1,Toledo,H,Western Michigan,49,31,1,18,99.90%,25.2
30-Sep,Conf,1,Toledo,H,Northern Illinois,35,33,1,2,58.20%,1.7
7-Oct,Non,0,Toledo,A,Massachusetts,41,24,1,17,97.90%,17
14-Oct,Conf,1,Toledo,A,Ball State,13,6,1,7,99.60%,22.3
21-Oct,Conf,1,Toledo,A,Miami-OH,21,17,1,4,92.10%,11.8
2-Sep,FCS,0,Troy,H,Stephen F. Austin,48,30,1,18,100.00%,36.2
9-Sep,Non,0,Troy,A,Kansas State,13,42,0,-29,0.10%,-26.2
16-Sep,Conf,1,Troy,H,James Madison,14,16,0,-2,47.40%,-0.5
23-Sep,Non,0,Troy,H,Western Kentucky,27,24,1,3,54.30%,0.9
30-Sep,Conf,1,Troy,A,Georgia State,28,7,1,21,94.80%,13.6
7-Oct,Conf,1,Troy,H,Arkansas State,37,3,1,34,100.00%,36.3
14-Oct,Non,0,Troy,A,Army,19,0,1,19,100.00%,30.5
2-Sep,Non,0,Tulane,H,South Alabama,37,17,1,20,99.90%,25.7
9-Sep,Non,0,Tulane,H,Ole Miss,20,37,0,-17,1.40%,-18.5
16-Sep,Non,0,Tulane,A,Southern Miss,21,3,1,18,99.90%,25.9
23-Sep,FCS,0,Tulane,H,Nicholls State,36,7,1,29,100.00%,30.2
30-Sep,Conf,1,Tulane,H,UAB,35,23,1,12,94.20%,13.1
13-Oct,Conf,1,Tulane,A,Memphis,31,21,1,10,81.40%,7.5
21-Oct,Conf,1,Tulane,H,North Texas,35,28,1,7,91.50%,11.5
31-Aug,FCS,0,Tulsa,H,UAPB,42,7,1,35,100.00%,39.2
9-Sep,Non,0,Tulsa,A,Washington,10,43,0,-33,0.00%,-44.1
16-Sep,Non,0,Tulsa,H,Oklahoma,17,66,0,-49,0.00%,-31.1
23-Sep,Non,0,Tulsa,A,Northern Illinois,22,14,1,8,89.70%,10.6
28-Sep,Conf,1,Tulsa,H,Temple,48,26,1,22,100.00%,30.3
7-Oct,Conf,1,Tulsa,A,Florida Atlantic,17,20,0,-3,35.60%,-3.1
19-Oct,Conf,1,Tulsa,H,Rice,10,42,0,-32,0.00%,-33.6
31-Aug,FCS,0,UAB,H,NC A&T,35,6,1,29,100.00%,33.6
9-Sep,Non,0,UAB,A,Georgia Southern,35,49,0,-14,16.30%,-8.2
16-Sep,Non,0,UAB,H,UL-Lafayette,21,41,0,-20,0.00%,-27.5
23-Sep,Non,0,UAB,A,Georgia,21,49,0,-28,0.00%,-35
30-Sep,Conf,1,UAB,A,Tulane,23,35,0,-12,5.80%,-13.1
7-Oct,Conf,1,UAB,H,USF,56,35,1,21,99.50%,21.4
14-Oct,Conf,1,UAB,A,UTSA,20,41,0,-21,4.50%,-14.2
31-Aug,Non,0,UCF,H,Kent State,56,6,1,50,100.00%,43.6
9-Sep,Non,0,UCF,A,Boise State,18,16,1,2,80.80%,7.3
16-Sep,FCS,0,UCF,H,Villanova,48,14,1,34,100.00%,44.9
23-Sep,Conf,1,UCF,A,Kansas State,31,44,0,-13,36.90%,-2.8
30-Sep,Conf,1,UCF,H,Baylor,35,36,0,-1,86.60%,9.3
7-Oct,Conf,1,UCF,A,Kansas,22,51,0,-29,0.50%,-21.7
21-Oct,Conf,1,UCF,A,Oklahoma,29,31,0,-2,13.20%,-9.3
2-Sep,Non,0,UCLA,H,Coastal Carolina,27,13,1,14,96.10%,14.7
9-Sep,Non,0,UCLA,A,San Diego State,35,10,1,25,100.00%,41.3
16-Sep,FCS,0,UCLA,H,NC Central,59,7,1,52,100.00%,60.2
23-Sep,Conf,1,UCLA,A,Utah,7,14,0,-7,46.80%,-0.7
7-Oct,Conf,1,UCLA,H,Washington State,25,17,1,8,93.30%,12.5
14-Oct,Conf,1,UCLA,A,Oregon State,24,36,0,-12,0.20%,-23.8
21-Oct,Conf,1,UCLA,A,Stanford,42,7,1,35,100.00%,36
2-Sep,FCS,0,UL-Lafayette,H,Northwestern State,38,13,1,25,100.00%,38.6
9-Sep,Conf,1,UL-Lafayette,A,Old Dominion,31,38,0,-7,13.20%,-9.3
16-Sep,Non,0,UL-Lafayette,A,UAB,41,21,1,20,100.00%,27.5
23-Sep,Non,0,UL-Lafayette,H,Buffalo,45,38,1,7,99.20%,20
30-Sep,Non,0,UL-Lafayette,A,Minnesota,24,35,0,-11,14.30%,-8.9
7-Oct,Conf,1,UL-Lafayette,H,Texas State,34,30,1,4,93.50%,12.6
21-Oct,Conf,1,UL-Lafayette,H,Georgia State,17,20,0,-3,1.40%,-18.4
2-Sep,Non,0,UL-Monroe,H,Army,17,13,1,4,71.40%,4.7
9-Sep,FCS,0,UL-Monroe,H,Lamar,24,14,1,10,94.00%,13
16-Sep,Non,0,UL-Monroe,A,Texas A&M,3,47,0,-44,0.00%,-35.8
30-Sep,Conf,1,UL-Monroe,H,Appalachian State,40,41,0,-1,62.10%,2.6
7-Oct,Conf,1,UL-Monroe,H,South Alabama,7,55,0,-48,0.00%,-40.5
14-Oct,Conf,1,UL-Monroe,A,Texas State,20,21,0,-1,29.60%,-4.5
21-Oct,Conf,1,UL-Monroe,A,Georgia Southern,28,38,0,-10,8.60%,-11.4
2-Sep,FCS,0,UNLV,H,Bryant,44,14,1,30,99.90%,25.5
9-Sep,Non,0,UNLV,A,Michigan,7,35,0,-28,0.00%,-39.4
16-Sep,Non,0,UNLV,H,Vanderbilt,40,37,1,3,62.90%,2.7
23-Sep,Non,0,UNLV,A,UTEP,45,28,1,17,97.30%,16.1
30-Sep,Conf,1,UNLV,H,Hawaii,44,20,1,24,91.80%,11.6
14-Oct,Conf,1,UNLV,A,Nevada,45,27,1,18,89.50%,10.5
21-Oct,Conf,1,UNLV,H,Colorado State,25,23,1,2,82.50%,7.8
26-Aug,Non,0,USC,H,San Jose State,56,28,1,28,99.70%,22.5
2-Sep,Non,0,USC,H,Nevada,66,14,1,52,100.00%,44.6
9-Sep,Conf,1,USC,H,Stanford,56,10,1,46,100.00%,39.6
23-Sep,Conf,1,USC,A,Arizona State,42,28,1,14,100.00%,29
30-Sep,Conf,1,USC,A,Colorado,48,41,1,7,95.50%,14.2
7-Oct,Conf,1,USC,H,Arizona,43,41,1,2,40.40%,-2
14-Oct,Non,0,USC,A,Notre Dame,20,48,0,-28,0.90%,-19.8
21-Oct,Conf,1,USC,H,Utah,32,34,0,-2,49.30%,-0.2
2-Sep,Non,0,USF,A,Western Kentucky,24,41,0,-17,11.90%,-9.9
9-Sep,FCS,0,USF,H,Florida A&M,38,24,1,14,41.90%,-1.7
16-Sep,Non,0,USF,H,Alabama,3,17,0,-14,1.10%,-19.2
23-Sep,Conf,1,USF,H,Rice,42,29,1,13,95.30%,14
30-Sep,Conf,1,USF,A,Navy,44,30,1,14,80.40%,7.2
7-Oct,Conf,1,USF,A,UAB,35,56,0,-21,0.50%,-21.4
14-Oct,Conf,1,USF,H,Florida Atlantic,14,56,0,-42,0.00%,-27.6
21-Oct,Non,0,USF,A,Connecticut,24,21,1,3,54.80%,1
31-Aug,Non,0,Utah,H,Florida,24,11,1,13,72.80%,5.1
9-Sep,Non,0,Utah,A,Baylor,20,13,1,7,75.10%,5.7
16-Sep,FCS,0,Utah,H,Weber State,31,7,1,24,99.90%,25.9
23-Sep,Conf,1,Utah,H,UCLA,14,7,1,7,53.20%,0.7
29-Sep,Conf,1,Utah,A,Oregon State,7,21,0,-14,0.40%,-22.1
14-Oct,Conf,1,Utah,H,California,34,14,1,20,99.30%,20.6
21-Oct,Conf,1,Utah,A,USC,34,32,1,2,50.70%,0.2
2-Sep,Non,0,Utah State,A,Iowa,14,24,0,-10,35.10%,-3.2
9-Sep,FCS,0,Utah State,H,Idaho State,78,28,1,50,100.00%,29.9
15-Sep,Conf,1,Utah State,A,Air Force,21,39,0,-18,0.20%,-24.1
23-Sep,Non,0,Utah State,H,James Madison,38,45,0,-7,5.10%,-13.6
30-Sep,Non,0,Utah State,A,Connecticut,34,33,1,1,65.00%,3.2
7-Oct,Conf,1,Utah State,H,Colorado State,44,24,1,20,100.00%,28.2
13-Oct,Conf,1,Utah State,H,Fresno State,32,37,0,-5,33.40%,-3.6
21-Oct,Conf,1,Utah State,A,San Jose State,21,42,0,-21,0.20%,-24.7
26-Aug,Conf,1,UTEP,A,Jacksonville State,14,17,0,-3,78.80%,6.7
2-Sep,FCS,0,UTEP,H,Incarnate Word,28,14,1,14,98.90%,19.3
9-Sep,Non,0,UTEP,A,Northwestern,7,38,0,-31,0.10%,-26.5
16-Sep,Non,0,UTEP,A,Arizona,10,31,0,-21,0.00%,-35
23-Sep,Non,0,UTEP,H,UNLV,28,45,0,-17,2.70%,-16.1
29-Sep,Conf,1,UTEP,H,Louisiana Tech,10,24,0,-14,1.50%,-18.2
11-Oct,Conf,1,UTEP,A,Florida International,27,14,1,13,98.50%,18.2
18-Oct,Conf,1,UTEP,H,New Mexico State,7,28,0,-21,0.00%,-34.9
2-Sep,Non,0,UTSA,A,Houston,14,17,0,-3,52.70%,0.6
9-Sep,Non,0,UTSA,H,Texas State,20,13,1,7,54.40%,0.9
15-Sep,Non,0,UTSA,H,Army,29,37,0,-8,86.70%,9.3
23-Sep,Non,0,UTSA,A,Tennessee,14,45,0,-31,0.00%,-39.1
7-Oct,Conf,1,UTSA,A,Temple,49,34,1,15,94.60%,13.4
14-Oct,Conf,1,UTSA,H,UAB,41,20,1,21,95.50%,14.2
21-Oct,Conf,1,UTSA,A,Florida Atlantic,36,10,1,26,100.00%,31.9
26-Aug,Non,0,Vanderbilt,H,Hawaii,35,28,1,7,40.30%,-2
2-Sep,FCS,0,Vanderbilt,H,Alabama A&M,47,13,1,34,100.00%,33.3
9-Sep,Non,0,Vanderbilt,A,Wake Forest,20,36,0,-16,40.10%,-2.1
16-Sep,Non,0,Vanderbilt,A,UNLV,37,40,0,-3,37.10%,-2.7
23-Sep,Conf,1,Vanderbilt,H,Kentucky,28,45,0,-17,1.40%,-18.4
30-Sep,Conf,1,Vanderbilt,H,Missouri,21,38,0,-17,0.80%,-20.1
7-Oct,Conf,1,Vanderbilt,A,Florida,14,38,0,-24,0.30%,-23.1
14-Oct,Conf,1,Vanderbilt,H,Georgia,20,37,0,-17,0.20%,-24
2-Sep,Non,0,Virginia,N,Tennessee,13,49,0,-36,0.00%,-30.5
9-Sep,Non,0,Virginia,H,James Madison,35,36,0,-1,41.70%,-1.8
15-Sep,Non,0,Virginia,A,Maryland,14,42,0,-28,0.10%,-25.5
22-Sep,Conf,1,Virginia,H,NC State,21,24,0,-3,34.30%,-3.4
30-Sep,Conf,1,Virginia,A,Boston College,24,27,0,-3,41.00%,-1.9
7-Oct,FCS,0,Virginia,H,William & Mary,27,13,1,14,99.90%,27
21-Oct,Conf,1,Virginia,A,North Carolina,31,27,1,4,28.70%,-4.7
2-Sep,Non,0,Virginia Tech,H,Old Dominion,36,17,1,19,84.30%,8.4
9-Sep,Non,0,Virginia Tech,H,Purdue,17,24,0,-7,42.10%,-1.7
16-Sep,Non,0,Virginia Tech,A,Rutgers,16,35,0,-19,8.70%,-11.4
23-Sep,Non,0,Virginia Tech,A,Marshall,17,24,0,-7,34.70%,-3.3
30-Sep,Conf,1,Virginia Tech,H,Pittsburgh,38,21,1,17,93.30%,12.5
7-Oct,Conf,1,Virginia Tech,A,Florida State,17,39,0,-22,0.00%,-28
14-Oct,Conf,1,Virginia Tech,H,Wake Forest,30,13,1,17,99.80%,24.3
31-Aug,FCS,0,Wake Forest,H,Elon,37,17,1,20,100.00%,30.8
9-Sep,Non,0,Wake Forest,H,Vanderbilt,36,20,1,16,59.90%,2.1
16-Sep,Non,0,Wake Forest,A,Old Dominion,27,24,1,3,81.50%,7.5
23-Sep,Conf,1,Wake Forest,H,Georgia Tech,16,30,0,-14,17.80%,-7.7
7-Oct,Conf,1,Wake Forest,A,Clemson,12,17,0,-5,13.70%,-9.1
14-Oct,Conf,1,Wake Forest,A,Virginia Tech,13,30,0,-17,0.20%,-24.3
21-Oct,Conf,1,Wake Forest,H,Pittsburgh,21,17,1,4,52.90%,0.6
2-Sep,Non,0,Washington,H,Boise State,56,19,1,37,100.00%,31.6
9-Sep,Non,0,Washington,H,Tulsa,43,10,1,33,100.00%,44.1
16-Sep,Non,0,Washington,A,Michigan State,41,7,1,34,100.00%,51.2
23-Sep,Conf,1,Washington,H,California,59,32,1,27,100.00%,33.1
30-Sep,Conf,1,Washington,A,Arizona,31,24,1,7,91.70%,11.6
14-Oct,Conf,1,Washington,H,Oregon,36,33,1,3,77.70%,6.4
21-Oct,Conf,1,Washington,H,Arizona State,15,7,1,8,88.50%,10
2-Sep,Non,0,Washington State,A,Colorado State,50,24,1,26,100.00%,32.3
9-Sep,Non,0,Washington State,H,Wisconsin,31,22,1,9,76.00%,5.9
16-Sep,FCS,0,Washington State,H,Northern Colorado,64,21,1,43,100.00%,49.9
23-Sep,Conf,1,Washington State,H,Oregon State,38,35,1,3,93.80%,12.9
7-Oct,Conf,1,Washington State,A,UCLA,17,25,0,-8,6.70%,-12.5
14-Oct,Conf,1,Washington State,H,Arizona,6,44,0,-38,0.00%,-31.1
21-Oct,Conf,1,Washington State,A,Oregon,24,38,0,-14,0.20%,-23.7
2-Sep,Non,0,West Virginia,A,Penn State,15,38,0,-23,0.00%,-29.9
9-Sep,FCS,0,West Virginia,H,Duquesne,56,17,1,39,100.00%,34.9
16-Sep,Non,0,West Virginia,H,Pittsburgh,17,6,1,11,70.90%,4.6
23-Sep,Conf,1,West Virginia,H,Texas Tech,20,13,1,7,59.20%,2
30-Sep,Conf,1,West Virginia,A,TCU,24,21,1,3,71.10%,4.7
12-Oct,Conf,1,West Virginia,A,Houston,39,41,0,-2,14.50%,-8.8
21-Oct,Conf,1,West Virginia,H,Oklahoma State,34,48,0,-14,8.00%,-11.7
2-Sep,Non,0,Western Kentucky,H,USF,41,24,1,17,88.10%,9.9
16-Sep,Non,0,Western Kentucky,A,Ohio State,10,63,0,-53,0.00%,-46.5
23-Sep,Non,0,Western Kentucky,A,Troy,24,27,0,-3,45.70%,-0.9
28-Sep,Conf,1,Western Kentucky,H,Middle Tennessee,31,10,1,21,93.50%,12.7
5-Oct,Conf,1,Western Kentucky,A,Louisiana Tech,35,28,1,7,85.90%,9
17-Oct,Conf,1,Western Kentucky,A,Jacksonville State,17,20,0,-3,8.20%,-11.6
31-Aug,FCS,0,Western Michigan,H,Saint Francis-PA,35,17,1,18,90.90%,11.1
9-Sep,Non,0,Western Michigan,A,Syracuse,7,48,0,-41,0.00%,-29.7
16-Sep,Non,0,Western Michigan,A,Iowa,10,41,0,-31,0.30%,-23.2
23-Sep,Conf,1,Western Michigan,A,Toledo,31,49,0,-18,0.10%,-25.2
30-Sep,Conf,1,Western Michigan,H,Ball State,42,24,1,18,87.30%,9.5
7-Oct,Non,0,Western Michigan,A,Mississippi State,28,41,0,-13,2.00%,-17.2
14-Oct,Conf,1,Western Michigan,H,Miami-OH,21,34,0,-13,3.70%,-15
21-Oct,Conf,1,Western Michigan,A,Ohio,17,20,0,-3,35.40%,-3.1
2-Sep,Non,0,Wisconsin,H,Buffalo,38,17,1,21,99.50%,21.7
9-Sep,Non,0,Wisconsin,A,Washington State,22,31,0,-9,24.00%,-5.9
16-Sep,Non,0,Wisconsin,H,Georgia Southern,35,14,1,21,99.30%,20.5
22-Sep,Conf,1,Wisconsin,A,Purdue,38,17,1,21,93.30%,12.5
7-Oct,Conf,1,Wisconsin,H,Rutgers,24,13,1,11,97.60%,16.5
14-Oct,Conf,1,Wisconsin,H,Iowa,6,15,0,-9,32.50%,-3.8
21-Oct,Conf,1,Wisconsin,A,Illinois,25,21,1,4,64.90%,3.2
2-Sep,Non,0,Wyoming,H,Texas Tech,35,33,1,2,14.30%,-8.9
9-Sep,FCS,0,Wyoming,H,Portland State,31,17,1,14,100.00%,27.9
16-Sep,Non,0,Wyoming,A,Texas,10,31,0,-21,0.10%,-25.3
23-Sep,Non,0,Wyoming,H,Appalachian State,22,19,1,3,75.50%,5.8
30-Sep,Conf,1,Wyoming,H,New Mexico,35,26,1,9,92.00%,11.7
7-Oct,Conf,1,Wyoming,H,Fresno State,24,19,1,5,75.00%,5.6
14-Oct,Conf,1,Wyoming,A,Air Force,27,34,0,-7,12.30%,-9.7